Vis,Temp,RI_Max,RI_Min,Dist,RI,AH
75003.36856,9.081504255,0.0,0.0,4819.776121,0.0,6.883308071
61066.88378,6.847991266,0.0,0.0,4823.216313,0.0,6.24421762
17940.72338,27.46116976,0.0,0.0,2959.107351,0.0,21.0741486
74995.71315,-0.096393314,0.0,0.0,4825.458679,0.0,3.619509847
15266.36196,27.85394461,0.0,0.0,2964.60482,0.0,19.99377388
25045.67618,28.21931902,0.0,0.0,2962.873727,0.0,19.82802341
27875.41687,25.16740044,0.0,0.0,2959.619277,0.0,20.41630939
24903.36913,25.19284195,0.0,0.0,2956.249008,0.0,20.00957547
37231.2998,7.19499206,0.0052300356480971,0.0050121813327231,4823.215617,0.005057833,5.183949773
48281.99194,23.46341106,0.0,0.0,2113.76058,0.0,18.44339466
17424.07921,7.063304935,0.0,0.0,4821.380664,0.0,7.395789616
67922.49734,5.330178951,0.0,0.0,4823.576053,0.0,4.855705401
56427.69443,20.59050751,0.0,0.0,2956.194709,0.0,14.95280053
9388.7307,22.93503185,0.108071794179248,0.097172377263083,2955.8881,0.100256544,17.41478965
44551.91217,5.700390677,0.0,0.0,4824.098953,0.0,6.431314284
46678.60383,6.476721384,0.0187663027912194,0.0182405343015436,4823.161315,0.018656865,6.124588893
74999.78892,6.94933423,0.0,0.0,4820.445495,0.0,5.983648704
70342.36273,5.67707207,0.0,0.0,4819.141446,0.0,5.238115138
61441.13427,8.0518837,0.0231169650755201,0.0207285619634894,4824.632675,0.02138915,5.855825181
13602.5774,23.55061378,0.0,0.0,2112.262233,0.0,19.11525528
33690.35596,3.114768047,0.0,0.0,4821.091787,0.0,4.898870662
74989.09556,6.097415634,0.0,0.0,4823.548313,0.0,6.15269569
10970.97651,5.86974568,0.038856586240866,0.0342402793483266,4825.535675,0.037577105,6.807830479
15596.93914,7.084538894,0.0,0.0,2019.047517,0.0,6.855323528
28936.66094,6.31601211,0.0,0.0,4827.98188,0.0,6.528741655
14109.39958,19.61145316,0.0108614434463067,0.0092867465812459,2963.89383,0.009942345,15.8895592
72274.69108,4.605885715,0.0,0.0,4826.943419,0.0,5.520001067
23329.37892,23.22721776,0.0,0.0,2119.092473,0.0,19.57635854
10514.91555,15.24939243,0.517584746370933,0.448417359169849,2012.93424,0.476440011,10.38684355
49103.95518,6.545141082,0.0,0.0,4824.007229,0.0,6.151663234
48728.65698,18.27301937,0.0,0.0,2014.538911,0.0,9.522515876
25600.06828,26.59209195,0.0,0.0,2955.521057,0.0,17.54294361
15683.43197,24.54162737,0.0,0.0,2963.349032,0.0,19.2178296
13187.94187,5.566846053,0.0041909484478457,0.0036685734732572,4820.021869,0.003964999,6.525172301
16795.66906,26.29596495,0.0,0.0,2957.174156,0.0,21.22978005
9679.816835,5.782478087,0.0353568832124987,0.0298245513436052,4826.935314,0.032573875,6.654760022
34936.45719,5.500218081,0.0416618127657864,0.0361515685349018,4823.08837,0.040121278,5.256948575
7793.400228,22.72384864,0.0,0.0,2114.261905,0.0,19.51117359
11170.21652,24.71588407,0.146582629284793,0.123994527965175,2116.489034,0.134553432,19.4841717
6242.319865,25.45986495,0.0,0.0,2120.474689,0.0,19.68542851
11883.47502,24.47904696,0.0,0.0,2112.305534,0.0,19.22426313
4297.306978,23.3210459,1.49622729931487,1.47410091431676,2962.022522,1.488310356,20.32074667
35374.02757,16.60937396,0.0,0.0,2019.023199,0.0,9.390698356
15376.61695,5.754454231,0.0099507208845555,0.0096127102330727,4825.328667,0.009947687,6.508947556
19095.39948,3.902682543,0.0920216971776099,0.0860963109377989,2013.017003,0.090030517,4.253495171
7795.021188,22.35380112,0.0,0.0,2112.544423,0.0,19.3762266
3748.73889,22.88457138,2.57146145103857,2.24323531046761,2116.40948,2.351119266,19.54964631
14011.26913,18.13672691,0.18992611427295,0.174244551175068,2020.755486,0.188422918,12.70930249
74999.71403,11.53125723,0.0,0.0,2021.796303,0.0,10.14861023
37594.37789,16.00766662,0.0101150686498568,0.0094680930643431,2017.369543,0.009935297,11.07356128
6300.86275,24.10158314,0.0,0.0,2959.552129,0.0,18.76597716
27597.09095,5.737547723,0.0604187095304289,0.0561796360065065,4820.990378,0.05725464,5.34139395
24360.82285,6.854194167,0.0792184335261412,0.0750653818953045,4824.413242,0.078729815,5.993823884
17432.41178,7.023383572,0.0,0.0,4819.785711,0.0,7.34264242
8335.526048,15.0511741,0.25120021903098,0.22472572136987,2020.195018,0.235595696,12.04986252
6923.252637,26.95245903,0.413233978508683,0.377890299399404,2960.989315,0.389019225,22.08077338
32371.58767,19.74352201,0.0,0.0,2018.893682,0.0,5.841006039
22018.80964,27.46775249,0.0,0.0,2961.889607,0.0,17.99268696
74997.33946,8.35413982,0.0199353608076577,0.0181958536247612,4822.987482,0.019741036,6.890543567
23249.27886,6.34285704,0.0220630600912436,0.0205077318783996,4823.570186,0.021300057,6.134999856
14292.65349,21.98019144,0.0,0.0,2114.888871,0.0,18.42561578
13136.85197,11.67373027,0.0,0.0,2016.220174,0.0,10.01091885
8017.932128,6.762941995,0.0,0.0,4823.019728,0.0,6.220358186
9790.872469,22.84642209,0.0,0.0,2120.732951,0.0,19.11799453
5489.109666,24.97516901,0.0,0.0,2117.89281,0.0,20.00875542
7006.471486,25.59982301,0.0,0.0,2964.539542,0.0,21.15331496
13858.49564,26.50366758,0.0,0.0,2955.71715,0.0,21.12310919
44558.60076,5.629906002,0.0,0.0,4819.231941,0.0,6.378467342
6587.635149,3.134971087,0.822277953189881,0.724670163972036,4826.769922,0.798543818,4.418036263
34343.54009,26.27852472,0.0,0.0,2959.39271,0.0,21.23717978
14094.67398,26.12528874,0.0,0.0,2957.035807,0.0,20.83240746
20024.25378,27.27709505,0.0348974636472922,0.0302373277588711,2961.675416,0.033067083,20.00000097
74996.90751,8.609247096,0.0,0.0,4822.329379,0.0,6.666225192
12471.48704,23.28240459,0.0,0.0,2112.411657,0.0,19.57974338
515.1993167,23.06811799,14.2178837474665,13.376659494562,2960.330038,13.93069687,20.31951013
17749.09082,3.777594479,0.355037569552918,0.329236866510641,4820.913117,0.340599764,4.963977495
13997.92723,7.214086951,0.0398511636748533,0.036074736561136,2013.818493,0.039849694,6.814469637
52530.80444,8.318133789,0.0295765445497189,0.0283204133953951,4824.21169,0.028632964,5.618663135
31403.04142,5.898732751,0.117191964421723,0.108281674898448,4827.228759,0.115208046,5.434555136
19411.79791,18.08622778,0.0911056384861516,0.087892374569788,2018.44962,0.09083979,9.97381682
15807.33601,3.053786718,0.153286814378012,0.146754231684526,4827.679581,0.150157591,4.829692347
28527.02342,25.10412351,0.0,0.0,2961.901342,0.0,19.91191873
15365.85261,14.18710382,0.0,0.0,2013.190318,0.0,11.81481183
75000.84279,5.941580921,0.0,0.0,4821.049991,0.0,6.031501486
69096.59434,5.297174074,0.0,0.0,4824.062033,0.0,4.838687631
50374.51508,6.585014772,0.0106330593849536,0.0095778169047607,4827.056306,0.009990191,6.150435916
13433.43263,21.5193279,0.0,0.0,2121.15972,0.0,18.28834381
53884.15889,22.51664928,0.0,0.0,2959.083328,0.0,19.04574005
8373.531322,26.07128607,0.207049146880927,0.186703772960721,2956.76559,0.200811623,21.27778204
13100.81121,27.80777618,0.18510188131917,0.15504111199338,2956.913027,0.169637276,20.17042911
4595.720086,23.57558328,0.0,0.0,2115.278905,0.0,19.76256595
25648.57513,26.69975808,0.0,0.0,2963.386872,0.0,21.41095421
28243.55392,3.211043905,0.0255209926205814,0.0229447086129575,4823.28651,0.023747995,4.556319094
70992.57781,16.67379616,0.0,0.0,2021.762666,0.0,9.554523845
19077.5791,7.194307836,0.0,0.0,2021.50204,0.0,7.005649393
35702.29888,3.865640612,0.0,0.0,4826.227951,0.0,5.416963638
23380.27781,11.97318305,0.0150409559833151,0.0138753008662054,2013.12043,0.014156244,7.39770145
32106.45624,24.17839413,0.0,0.0,2957.770218,0.0,18.47693219
31478.30129,4.471353776,0.0383877275274919,0.0329887951172732,4824.209376,0.03584638,5.330315498
41141.60563,4.133718702,0.0,0.0,4819.787035,0.0,5.342448766
21020.95615,5.883343114,0.0,0.0,4821.031,0.0,6.693094317
74999.12601,11.55407279,0.0,0.0,2017.01449,0.0,10.17166249
29739.48276,25.40761887,0.0,0.0,2956.268855,0.0,19.6353703
61401.65891,14.86522785,0.0,0.0,2020.560149,0.0,12.002951
74995.33306,3.882598096,0.0,0.0,4826.634913,0.0,4.848522792
3235.299107,26.31347937,2.13899002287849,1.79984933930028,2955.599237,1.946883146,21.34557451
48250.85815,16.25443498,0.0052123888246153,0.0049447278628261,2019.9602,0.005041329,10.90569155
60701.32838,5.377497873,0.0,0.0,4822.133261,0.0,4.742640461
42934.30328,5.681701532,0.0,0.0,4822.679849,0.0,6.499543458
74931.80016,8.562441046,0.0,0.0,4821.085964,0.0,6.470591281
18114.30691,5.502738414,0.0,0.0,4827.257979,0.0,6.520679872
962.7982925,14.19651314,2.9432459304182,2.46289908911358,2020.501958,2.69356803,11.77643439
26223.49728,6.778286037,0.085107476786254,0.0778968674616761,4820.219571,0.078261017,6.160709018
46458.73412,16.44944642,0.0205638557518194,0.018807820024802,2021.470703,0.019920575,9.355084661
7287.707559,22.31035849,0.0,0.0,2114.742791,0.0,19.38102994
37903.81055,5.802530376,0.116801843401381,0.106255462378978,4820.104581,0.111885819,5.378888791
6299.938201,24.1383607,0.0,0.0,2964.00905,0.0,18.87552127
8483.32159,22.4838637,0.0,0.0,2112.640426,0.0,19.37360752
13854.985,26.65147372,0.0,0.0,2962.951747,0.0,21.06458553
24557.26556,11.54546147,0.0,0.0,2018.588052,0.0,7.490803299
17364.85905,18.31534422,0.110868693985197,0.102067249617606,2013.756225,0.105392943,12.67222441
7128.374808,27.04841725,0.315730776716153,0.282656698416999,2955.371479,0.305945548,21.91308352
37860.41803,4.083107997,0.030386158706111,0.0261512031986405,4819.421514,0.028748776,5.352986279
11584.90466,3.889074279,0.0904909585932788,0.0835990925817472,2021.358481,0.089734375,4.206780759
35484.08088,7.476978129,0.0,0.0,4818.440716,0.0,5.084409783
29355.53423,6.390393531,0.0,0.0,4820.716776,0.0,6.624088188
36483.9838,5.588682167,0.0263220772864267,0.0225285479125027,4822.792428,0.024457289,6.387488852
19636.14252,27.8548159,0.0,0.0,2958.028128,0.0,20.3580822
15158.59883,14.08284,0.0,0.0,2017.449608,0.0,11.77429402
20760.8813,3.787546865,0.145378406114094,0.138898615382548,2021.27361,0.141146313,4.439309456
7213.805878,20.05755972,0.0,0.0,2960.807841,0.0,15.55937472
25641.97385,26.5763532,0.0,0.0,2961.273251,0.0,21.31274974
35443.10618,26.4022289,0.0,0.0,2962.325233,0.0,17.20375675
19595.63828,24.65309697,0.0,0.0,2963.197509,0.0,17.49476063
4014.165746,22.92394455,0.240455924893042,0.21625811016633,2962.115745,0.226135115,19.06465722
48573.3897,15.04678815,0.0,0.0,2021.777221,0.0,12.18553643
5396.583801,22.71893237,0.567728213729854,0.510056306472371,2120.442027,0.563087538,19.34016481
52452.58489,3.826825642,0.0141093139266172,0.0121495050318807,4822.762955,0.013203204,5.024959355
21889.80548,16.05063209,0.010440751766418,0.0094150999463223,2016.199572,0.010154277,11.30586705
34822.32978,4.022923584,0.0059700318593124,0.0053121395732633,4821.70462,0.005884562,4.682089828
1523.444732,25.19626992,0.0,0.0,2956.530245,0.0,19.25634774
56494.48412,5.442871579,0.0,0.0,4827.675201,0.0,4.896748043
39304.21391,7.212397217,0.0,0.0,2012.188985,0.0,6.022027274
46382.33318,1.561840306,0.0,0.0,4822.217167,0.0,4.496445141
10930.61459,17.39957108,0.161685323382541,0.145526819799398,2020.642022,0.156703389,12.92298814
15464.96801,14.12567406,0.0,0.0,2015.295513,0.0,11.7440451
26229.33611,6.639475139,0.0830495038141515,0.0768397880222698,4823.990436,0.077373016,6.084173195
5804.339664,26.09137483,0.112642069973246,0.104831129813762,2955.754652,0.106224321,21.06772078
13646.38259,14.58029739,0.0,0.0,2019.425399,0.0,11.0587727
24803.45324,25.40613431,0.0,0.0,2958.663303,0.0,19.79620858
1136.290536,24.30904702,0.0,0.0,2120.455642,0.0,19.94889747
15513.15319,27.67329263,0.107647800367148,0.094150568122069,2962.959874,0.09804631,19.91685456
5256.461838,25.10234412,0.380856985454309,0.352468854051633,2959.791609,0.358561756,19.008011
8692.327083,24.67243594,0.0,0.0,2117.569542,0.0,20.38371862
3726.789852,25.71112275,0.547653210005022,0.485997099227691,2958.07474,0.530348853,21.20457798
27378.24552,25.79625319,0.0,0.0,2956.238643,0.0,20.68501898
29018.50059,26.58652546,0.0,0.0,2955.443391,0.0,21.21292291
6492.154184,24.60782702,0.244835475333927,0.221210570360793,2116.162582,0.232069183,20.50283478
64724.46258,3.836641701,0.0,0.0,2012.033751,0.0,4.02395176
56426.5797,20.63646364,0.0,0.0,2960.90177,0.0,14.86963142
25046.53659,28.2750778,0.0,0.0,2955.884314,0.0,19.90284487
12236.94005,15.26569311,0.442002846738632,0.39021691667024,2019.340313,0.423844166,10.38101693
19158.73314,26.8544486,0.0,0.0,2962.173507,0.0,17.47123913
14529.83521,18.05025384,0.166203284867147,0.141391727680688,2015.514009,0.152193003,12.62787555
677.5855457,13.91989693,3.78440821220071,3.42965542787869,2020.679986,3.664507766,11.62628959
29824.38664,3.166232896,0.10974441564383,0.0988490625232779,4818.342869,0.101928103,4.459271878
15230.57152,25.4683618,0.0,0.0,2120.013062,0.0,17.93032397
69116.13174,4.69294864,0.0,0.0,4825.468527,0.0,5.587423062
36235.22852,7.290215776,0.0053521709926695,0.0047596056943009,4824.036996,0.004969312,5.172075564
12180.61078,20.44646348,0.0,0.0,2961.653027,0.0,14.9103873
8790.157228,14.11039833,0.0453602233837933,0.0385887525337145,2019.263293,0.041959088,11.81232167
75003.25439,8.224065577,0.0205417903503518,0.0196613389262445,4824.838469,0.019795548,6.829758316
74998.37779,4.303645001,0.0,0.0,4823.884675,0.0,5.63548174
17891.26222,23.4400178,0.103400220876506,0.097460021712722,2114.997871,0.100428152,19.53937304
23941.71456,25.50010007,0.0,0.0,2960.531394,0.0,19.81297904
68806.42694,0.041190191,0.0,0.0,4823.358231,0.0,3.641951572
47251.53315,16.52243164,0.0111684616616076,0.0102710623328759,2012.39091,0.01089575,9.387432571
12700.22908,2.399681293,0.0,0.0,4827.638208,0.0,5.148267114
22302.75608,25.96905321,0.149939945854776,0.136158786102805,2956.328968,0.137361492,20.49572188
24762.60141,3.959262436,0.0579761395561817,0.0484250572914545,2014.31283,0.05339165,4.249685712
40702.69043,14.91797697,0.0,0.0,2021.97862,0.0,12.09098204
8569.914947,26.73396256,0.909860738342529,0.838827139825986,2961.719445,0.87579122,21.25818763
54246.71173,5.605180936,0.0157206561824347,0.0142826118313714,4826.211228,0.015207341,5.740439406
23099.47463,25.67295536,0.0,0.0,2114.399321,0.0,17.78620796
45574.81754,24.51871528,0.0,0.0,2115.072259,0.0,17.02194322
31588.95694,7.076441186,0.0716423162839444,0.0646536019983767,2018.684162,0.066783196,6.066884263
10118.38333,27.86437979,0.14084389534332,0.120353175237441,2962.648912,0.131153189,20.06008229
9550.948593,22.17615817,0.108277015627007,0.0916281258847786,2956.09931,0.099572477,17.4591988
11530.27485,6.058400374,0.0157873747438326,0.0142555617749935,4827.442621,0.014864123,6.698446396
74996.74234,6.195745295,0.0,0.0,4823.521561,0.0,5.130244482
48284.14059,3.828669087,0.0422001979058948,0.0377503592602057,4825.287498,0.039355044,5.052367807
34279.96078,4.423025481,0.0098391194358618,0.0089419449503424,4820.743624,0.008982949,5.169631141
7798.01083,22.76878664,0.10372605713679,0.0942032921391109,2113.414153,0.097631682,19.54403362
42758.70306,4.073141978,0.0,0.0,4824.310899,0.0,5.367472404
32322.10985,2.954587982,0.0,0.0,4823.49578,0.0,4.79031873
74997.60769,20.40042516,0.0,0.0,2959.901091,0.0,14.95515117
14795.07855,21.81526558,0.0,0.0,2121.9504,0.0,18.49615385
2565.878958,25.66291205,0.503798509462768,0.461568188299826,2955.832317,0.480844087,21.09273702
42571.54964,18.26113875,0.0,0.0,2017.758376,0.0,9.6627186
7817.940875,14.92110462,0.287327445041245,0.25705732098596,2015.612659,0.266017209,11.94099921
4301.457147,23.52665104,0.996377323030667,0.846751831866618,2113.931311,0.926460153,19.82303841
25393.31009,5.571695197,0.0661400628196925,0.0605415301841352,4822.782771,0.065223169,5.717046968
14106.05683,19.52885809,0.0,0.0,2962.875195,0.0,15.85489076
26194.47658,6.404031383,0.0,0.0,4822.581571,0.0,6.573048847
17366.94724,19.70131045,0.0,0.0,2959.162215,0.0,15.52446309
25439.66032,22.04543152,0.0,0.0,2959.194901,0.0,17.43033431
28776.39666,22.39461848,0.0,0.0,2957.961266,0.0,17.82581124
23254.84738,23.06718447,0.0,0.0,2957.890597,0.0,16.8121126
12236.08946,2.352852205,0.0,0.0,4819.986895,0.0,5.277199062
71664.0158,7.272527566,0.0040031928946076,0.0035995118513105,4820.5919,0.003929818,5.692133258
57560.51251,16.47024561,0.0090475703639117,0.0085826003908904,2014.81881,0.008958392,9.240915926
74998.53555,6.053049571,0.0,0.0,4827.442775,0.0,5.306163107
29109.01163,23.45148885,0.0,0.0,2116.269329,0.0,19.48575276
39397.36227,8.266286539,0.0655002887755405,0.0595662124528421,4823.5877,0.061773227,5.736003955
19348.92505,7.101114586,0.0,0.0,2015.599181,0.0,6.811697155
26018.81969,11.45726979,0.0020349692185692,0.0019029718514545,2012.277004,0.00198374,7.461996212
42859.50663,5.334611845,0.0,0.0,4824.980217,0.0,6.493135932
2124.885643,23.2554984,0.0,0.0,2964.544328,0.0,18.94024822
41147.23024,4.185511841,0.0,0.0,4822.182257,0.0,5.329281764
41591.6105,19.52330385,0.0,0.0,2960.771944,0.0,15.35135149
49587.14613,18.24234588,0.0021621546342175,0.0018689300422085,2014.076893,0.00203044,9.500179824
17543.79499,26.00450605,0.0,0.0,2956.054866,0.0,21.39365808
3298.767389,19.89333565,0.41115636836546,0.379098555243853,2957.402689,0.394736483,15.28012995
3086.743198,25.61804361,0.455061817700174,0.413302704403863,2958.523908,0.41550939,21.26093125
32293.37757,25.75351865,0.0,0.0,2959.924815,0.0,20.51336512
27686.6179,8.302627758,0.0,0.0,4822.345084,0.0,6.847770095
27564.18811,4.333501099,0.0134383370949909,0.0124559336644441,4818.905469,0.013227748,5.319059275
46270.84521,4.301446062,0.0,0.0,4825.329022,0.0,5.233250157
1781.986397,19.92248447,0.968130436598395,0.896842264420101,2961.099617,0.938759729,15.40449279
18311.07375,5.387242052,0.0,0.0,4827.300799,0.0,6.405657903
28890.91981,19.54554765,0.0,0.0,2021.619596,0.0,5.752773825
45576.7955,24.4040005,0.0,0.0,2119.636098,0.0,16.98811292
17289.00313,22.7382955,0.0,0.0,2957.423516,0.0,17.93276285
6171.523223,25.9289181,0.160639223284939,0.151831035647397,2955.460059,0.154368668,21.0996165
1551.859017,26.56292006,3.95220202369099,3.49370963317611,2956.946155,3.677202253,21.38014053
22682.06689,11.57730208,0.0,0.0,2020.096734,0.0,10.17691824
6149.930945,15.00042377,0.352896082872692,0.324938623172848,2012.361231,0.332834914,11.94610366
18905.22869,11.82435109,0.0573706500919239,0.0523746873967114,2016.299998,0.054737029,7.297974866
14352.42234,7.289099693,0.0410249752578644,0.0391883313093771,2021.059157,0.039628488,6.975409198
15817.078,4.024909964,0.358988593991221,0.326169530483941,4820.51996,0.32705231,5.18551246
43908.68187,25.84652569,0.0,0.0,2962.313017,0.0,20.54754553
2916.956496,13.9416703,0.69350468065186,0.60465619097985,2020.945696,0.669467618,11.79978184
23586.73261,28.37100106,0.0,0.0,2959.276549,0.0,20.38799955
41887.07371,20.26937475,0.0288566465145994,0.0266521811420423,2018.560535,0.027374316,8.301653047
16664.23361,24.54983702,0.0,0.0,2963.252396,0.0,19.05425439
20824.69286,20.07509888,0.0,0.0,2956.233477,0.0,15.29419801
12573.89741,28.23053482,0.0,0.0,2955.123906,0.0,20.05532427
4835.972247,22.29467182,0.348993905209029,0.305159454446165,2959.542733,0.336758505,17.47052817
28771.09807,22.35688803,0.0,0.0,2960.449273,0.0,17.94295235
6167.312687,25.85314941,0.15780899575368,0.137764252644318,2955.432747,0.152200538,20.99840074
12486.29141,26.63976126,0.0,0.0,2955.479813,0.0,18.23277728
39597.93354,24.47617249,0.0,0.0,2113.551707,0.0,17.58348619
6440.81617,19.99888891,0.0,0.0,2961.65446,0.0,15.67294453
40433.41312,6.615080891,0.010954921440346,0.0099142841506682,4827.695645,0.010191196,5.392354629
10635.57958,22.75864345,0.0,0.0,2960.802661,0.0,17.72031415
5354.294455,28.13772171,0.489615030775589,0.420415633200079,2955.221698,0.458436722,19.95285884
68745.7645,6.663515599,0.0,0.0,4821.02709,0.0,6.39123436
14281.68087,5.812730733,0.0,0.0,4821.937331,0.0,6.637741666
21895.6811,25.88937644,0.171723843706512,0.145960443813806,2959.909386,0.16107522,20.38226248
20689.45489,19.49842401,0.0,0.0,2960.509445,0.0,14.92030584
5446.674422,25.9820327,0.422455895576401,0.362763973575665,2955.630314,0.397011714,21.18360057
28681.04861,5.690516574,0.0707297192619328,0.0605249665501834,4819.79123,0.065287797,5.478993068
56942.90298,3.962596853,0.0,0.0,2018.841191,0.0,4.114779037
20798.30509,11.86896294,0.0468851348349636,0.0465364501448909,2015.307587,0.046549084,7.192271381
6401.297118,23.89955715,1.93094142872542,1.60020873652223,2963.792994,1.755575726,17.92995339
9187.288831,11.7232196,1.19879655729936,1.13581494205858,2021.513125,1.177062452,10.16830401
7902.598292,22.57877376,0.0,0.0,2114.681206,0.0,19.51809201
21057.64512,23.12343189,0.0381739562059349,0.0336405683964954,2956.910184,0.036436332,16.7615898
25332.27897,25.21614135,0.0,0.0,2960.720468,0.0,19.73123341
6956.009407,24.93903879,0.0,0.0,2960.095074,0.0,18.7709877
5814.491198,25.75775504,0.247193048292933,0.237964842394903,2960.455303,0.245885272,21.25326867
45324.05229,6.962028642,0.0193241214904447,0.0178653087763098,4822.056073,0.018690365,6.059000887
17804.8563,7.182560112,0.0,0.0,2017.459529,0.0,7.03075211
16759.12154,27.77632669,0.104144916756802,0.0975790655584955,2959.624458,0.098930121,20.13914982
21049.01485,20.75671867,0.0273307172483894,0.0271329203105118,2958.864495,0.027267713,15.20918793
